physical_RMSE_m_s,raw_group_L1,alpha1_group_L1,EPVR_RMS_m_s
,0.15503412507369108,0.02330759445118584,31.58206798007296
,0.07789958981796971,0.011676195344215112,3.6281549271814044
5.089823985997819,0.03198210884956812,0.02603284458587065,7.563384845889051
1.511781805353986,0.00651609743839871,0.003630732928668949,1.5417831136603313
,0.03706312195231416,0.012259845664876895,6.72774494393162
4.225585331370492,0.011163676131722658,0.009168998922348277,4.538927640519119
5.301975925978558,0.017598285806595677,0.014445710951611549,15.395145766849533
7.296872258501178,0.04207925681128887,0.14021368785144028,84.13324603463198
7.859524470008445,0.08042707787949065,0.024137560895913915,71.90554460759184
5.383167950452209,0.03454733451253483,0.03687433853971129,11.479176885640097
,0.04613256623196117,0.01173708919258662,4.608403955974987
,0.019055305196419188,0.012866391158926956,24.51931550792368
5.220592885460812,0.010614123354515032,0.013083363696205936,13.00116463369472
5.655804054937023,0.1397406962051206,0.01624175193845372,5.768937866798718
,0.1533396220458208,0.033180466807154536,23.430722484389083
4.148810389578801,0.03092677929219881,0.022362458175258053,6.128736526775193
,0.16318940574407947,0.0260543179782807,9.55079246404322
7.237181343168775,0.03671738514887838,0.028166913470045844,18.892624296323287
4.714208403638182,0.02134159827102232,0.013911241082772478,27.021800912293997
,0.16815257985708656,0.026160357875810877,13.907575455642583
3.448826262877114,0.026420248233855588,0.014950722486396562,4.2131097872481496
3.4685675141392216,0.02379478319664962,0.013051659037208091,4.35475812155106
11.418923558253262,0.03370760264582864,0.06949509554584997,37.30268663377521
6.251200307471178,0.03795361557246566,0.14516059098648723,124.85941197863264
5.357979270139106,0.012134466843514836,0.011624367865904962,7.50883230478384
4.803905831764784,0.08941641693989387,0.01416246719812864,6.120682735076071
6.6764354966944435,0.03518685710403924,0.10488250381126528,72.08213314982771
6.010668741182813,0.031690074746904454,0.02474861102351235,31.183953177956376
6.6268870660348895,0.037960750862064865,0.14823391711898046,206.45241169571844
,0.15126170479451803,0.015690654265172035,6.3840418245812485
5.490455261077144,0.15331915989565623,0.013109581810560652,4.079292765054546
11.32449793232478,0.0285615275806825,0.06707764683504353,37.940587421264674
2.0518965046841533,0.004771722943274374,0.004420317402654998,2.4161500376511684
3.0969623235367068,0.005730457886682955,0.005162332914261478,3.653895586134129
4.16155399416555,0.03061036098713353,0.03696788837359166,11.856929029251955
3.2008869112097558,0.02219013127830948,0.012894196717371135,5.552547373928677
13.506002834255236,0.02760153529399639,0.0572111992933289,22.20167930130319
4.405436910074159,0.031592317277743226,0.10502570565961669,71.35585280631186
0.46021270590746804,0.006257436138970812,0.0017618259506376815,0.4803313923642402
,0.015771359079620552,0.019531147501553825,45.793081573123054
3.4175115343563345,0.0203562358430684,0.009721028002728315,3.738273071187398
3.6330022208559565,0.0115788333344817,0.010053758374534663,5.541865255344782
1.8238491469678895,0.0054216851098721625,0.004345887563204861,2.5239256035603477
5.578061827274444,0.04694695540812898,0.016135763456496272,15.892947183744562
4.284233380155288,0.011029729854325676,0.010117704982916299,10.191282818234635
11.7233069012984,0.06565263596232902,0.07047868787696845,120.42239808461059
,0.14570207886068445,0.013795458504778091,4.901192276443422
6.708881863923575,0.037655002938122975,0.1433189660660841,107.38906948938177
4.35123680958879,0.1170527753642013,0.012532822198889553,7.257354717888074
3.294081715490349,0.03060000177172871,0.024373573693728345,6.737176645071791
4.870467282726675,0.1411024288217685,0.01209530815642806,3.7158580940854185
,0.15122828184511983,0.020264644447484412,18.54837074582614
5.644691543642091,0.03470669191374118,0.1353970738549069,105.43154334408035
1.7489616617871324,0.0056779324734835945,0.003895121497477803,1.7889042648389566
,0.16687894137689063,0.03200816220555161,24.034075386898028
7.107726695223418,0.0319563225738342,0.15552076915777552,110.7988279001811
7.311265913200027,0.02320516620035636,0.02026740362426819,10.793976667820411
7.720656360697546,0.15725390168720815,0.021899364937945764,13.622645062603283
4.50035231276313,0.02968877592166223,0.021726583313882185,6.3068788273842324
,0.14898225406371113,0.05110826796106441,116.05502153478061
,0.08880547511053852,0.02925083383875677,18.365498558885772
7.600204128920516,0.031958128311213294,0.02575945253452682,35.61880260040098
1.9435355980449813,0.016306534115981063,0.0071442857434126155,2.217773401030323
5.599843545070752,0.010203270119150735,0.010847859419610976,6.0647276527302845
,0.13778996034899638,0.019382261379945587,5.77627080603146
6.726772123877174,0.035368370836799154,0.1567535210901124,504.18180261175274
1.9719262624558334,0.014643069992694404,0.004664518657212286,2.007132007845002
11.378533675633022,0.14245874474196107,0.030031783221464617,14.81796381489539
3.4774528118346892,0.027682207670632984,0.02349974752550909,6.788303334289255
,0.16512901275837968,0.027570980403158567,11.326128697660083
6.12384802278609,0.03118255793717606,0.016617983691964936,10.286584289746587
11.849125169157519,0.05209852914195366,0.26526558024987035,301.7162595025053
9.393089088219739,0.0421694000613772,0.21516910808169964,430.87572393000505
11.171721541949868,0.1123844237030368,0.02960299489083955,16.132916851501317
12.142023081506688,0.0215039265546035,0.0523581964193149,26.597679104607174
6.6330615524236,0.09574792700980198,0.015011047388455689,6.560091968425687
3.5199411576583004,0.029571777653984953,0.04158935109200569,15.725100642972507
11.60968533998006,0.034765629720446986,0.09725536716276041,292.92992126471114
,0.15985016222802167,0.026162535578981353,11.69060431196456
,0.1671521652911523,0.032319314479833106,36.14540799399337
4.114269186586752,0.030975334685933803,0.029380116154283435,8.7038853125687
,0.020260071407389682,0.011986948925756254,6.813355000418235
,0.18023166298629767,0.04289663115065092,70.83635029057413
,0.06464473605700899,0.009554120138445142,5.353240718660444
7.103234461395774,0.03613966550825788,0.031374734716554685,23.818372607383655
6.67481779614536,0.03489234476097809,0.10794889006810986,47.97315163881247
2.1164454575756633,0.03364951787109397,0.00558013914066495,2.1057490931383462
4.7281408555400875,0.03296886709343108,0.11285257781355237,55.849860702074565
3.6215634255759626,0.02377385356875233,0.012519101411697622,4.254746291971905
6.0002315026199025,0.15091937433545904,0.015449384173953907,9.182217377774444
,0.16521360694961415,0.03427694433072662,16.63211681940481
,0.017608868957219942,0.01212775427588296,8.502330895438062
2.023941063810587,0.0256236949810782,0.006709530313935623,2.1733383646448616
,0.1561772331567699,0.027396044977179092,23.65904916205012
,0.17423201423953133,0.0338817324653139,14.37268311902762
4.208714364425704,0.019307227099867846,0.01356611272067619,15.915349647004701
8.508401394025812,0.02932687012085685,0.02247029197329915,11.134439614318694
6.932941860914026,0.07051937774148057,0.018311557110756972,9.325269104244436
9.402262257607923,0.03638991352432924,0.1860801512822531,290.520033280931
4.943840271448307,0.03352741315564659,0.12614250898081528,449.90071153494836
,0.16785269147050338,0.028303170732724408,25.885991557601542
,0.12320168247540336,0.014350468616251822,5.82718441420307
,0.01783660385663134,0.0066690366437136585,4.288149956484051
,0.14509717895841232,0.01994861479422383,6.9850320592363335
,0.11579491128952121,0.03229913729278379,19.67781342065541
5.89111954766784,0.029171414633124025,0.021456902813665153,10.417301652709108
,0.02967089343097358,0.01126911514110224,6.627156483816878
,0.17140202508020824,0.031562716579641555,95.1904880617364
,0.14089614482563448,0.02310093957435301,7.78001697561382
6.625069942463716,0.031671316708853925,0.1472826592095203,183.90528954124295
4.771500752749229,0.016643688814077278,0.010037625039159882,5.493446635291941
3.394667002386053,0.018727359641364613,0.00900483733034109,13.342062030369389
,0.1587667006600596,0.02327336084965497,65.57283271321299
,0.13345105463729764,0.011405575292496115,3.437883912288624
1.776052507988769,0.01815620367471174,0.007563099667487697,2.092153338892555
2.498187259538329,0.022955532610655725,0.010872513450847266,3.007056799479024
2.337997603999376,0.021571072587714988,0.007216979540862627,2.480711016881406
,0.1538003062971203,0.022050573732458556,68.0018380727865
,0.03846637379032727,0.13367196274916432,70.41384003343538
8.95064163018859,0.035115878944208735,0.14806882791521164,189.1695313104861
,0.09016510046359663,0.009674665588248345,2.8060842349524777
,0.15362655214171528,0.023003057635794116,88.76568763078782
11.482029885723868,0.03576725659395157,0.07303459676716938,82.06732732376139
,0.17051282073379748,0.030979530640928107,20.403555075384176
3.5075400712255003,0.008339184955309975,0.007982618937657657,11.173166567255334
1.1532113127965549,0.004264561225253165,0.0026852418903250816,1.21086799540026
2.175122650234046,0.009324046849519329,0.005605427055190254,2.2903622471502514
3.295187796926607,0.02460068988927213,0.012900161148102308,3.857179181961746
2.799889214073904,0.020188390681945965,0.009367128508606907,3.07342438279799
5.759179628877041,0.05510959237474788,0.016799396333892814,8.811469661322787
,0.1526808416441391,0.03012404283146551,17.21406434851868
3.8160394320304594,0.033162015448880394,0.010120012459889347,8.295992695678304
,0.15562230065328275,0.0207192066834102,20.313083172483708
8.172741445237254,0.028441543342203883,0.02391142804069274,12.46499005049465
6.296179626916448,0.029528166325255466,0.02175673659093162,10.50392620058493
7.0002671114395305,0.03438310616506034,0.02573088847657872,14.102330146196262
3.869070270238271,0.07618334718668582,0.01154609481077445,7.802463350151448
4.776381943687096,0.031533421099044126,0.09261028163983905,60.5313198575722
6.517138148038411,0.03217569837125009,0.020870640842322756,8.466504527829926
,0.12915352196145818,0.02237972125523323,60.60151694262491
11.548935741480188,0.03644178785925781,0.07308745421861312,58.10006264702199
5.8441631306534365,0.011634378728655624,0.014264148869602117,16.821464965282352
7.782537688560521,0.03714301800722805,0.15422883851239422,363.23393886607346
6.243956409794982,0.023069937760762757,0.016475478396653753,15.101852072665924
13.9839737746625,0.03131317454985322,0.06588694252724707,29.450942746620456
11.114518575799964,0.04707264396856148,0.059586113721457556,38.93896652048502
4.751164442492162,0.03200082393870925,0.024213648211976697,7.916221736807399
,0.11535297492840016,0.010783961923451237,4.262440658534395
5.321645528074798,0.015186284010608769,0.014269531486879584,12.186731081128238
1.7258357343112678,0.02563068163951235,0.005155081420995931,1.7353850307321899
,0.162859736120692,0.031081800172100084,12.915115116455876
9.348208332056542,0.029641754418874885,0.10515810835699844,97.59617583776574
2.954633546623451,0.009836869601315853,0.007314695177411651,3.3902331945769126
6.629414418053715,0.052943083479559956,0.013426440359565417,6.581303886244663
6.6728621486889015,0.034437254822343194,0.15614331204906903,234.70169388309048
2.641437850651033,0.006777867637603246,0.005446885488554767,2.9117911099710385
6.009961562136087,0.03796704109843761,0.039719292093957775,36.10538878012685
,0.1460906197314956,0.015359835598338565,13.791334829276101
7.167668901646491,0.033010914690059595,0.027746924578880883,9.529201500483316
5.764593347628002,0.03649917243604552,0.12797534196276786,257.65631633315013
8.357175289462248,0.0349021510319818,0.15215860898134675,145.8029595514927
6.0830559495924525,0.03609465703980565,0.15433287845102328,134.57818711078167
,0.1123811302076762,0.01866999817937793,12.253843098447117
8.241685489023393,0.13168748837447836,0.02094799820878617,9.70479340418973
7.28630110773614,0.093252327996098,0.01627541924113911,11.623537892081682
,0.16503650179961796,0.024666925638625006,23.514767710821015
2.3749029102515316,0.014521270592111757,0.005840344748230886,3.4749064437397075
,0.15913450246351743,0.05260657638300948,231.01145724424245
4.8993725061671025,0.13828091366516132,0.012319382103346124,5.33713503205687
7.00644742422294,0.030029659992544484,0.024171455620313344,12.193925233259883
8.347721650796137,0.035881587869987075,0.16701785489374038,99.27796431199083
8.202021888378166,0.03789698948534453,0.16212722981276534,143.043044418855
,0.1681385709607724,0.03179407329040693,24.200489466162043
,0.05275084322029867,0.016425509520220583,16.70440954396392
9.472950340825731,0.04293296211897016,0.1770968313914317,116.42526666202404
,0.15998936772464828,0.026856711561578327,11.291757235983495
,0.041158317520479645,0.016308089466686923,16.242565588977847
11.524250943139187,0.15521521976202773,0.028036040875362156,14.914060818927668
,0.18630612442012057,0.039943324447917386,123.61924949502136
13.276382058554093,0.05722453258341478,0.11388591603562095,111.6045698295567
2.7303373053665947,0.006346290178203715,0.0038764758959943073,2.8282026941711944
2.2804697270120893,0.05164127405175732,0.006877064830453566,1.9421128889542025
4.353970081108676,0.01502611443481923,0.01128534201969385,6.1897850691840715
9.709341114648899,0.026848219709536277,0.08663162830806524,122.28783092262837
9.072542976890064,0.042302772088555346,0.14275759325879125,80.58690243237758
,0.1652970829598104,0.03829643064343484,32.272498413132844
,0.1675776697357332,0.024236890731845595,12.355054707408335
5.009224976799455,0.034542436022706166,0.09319380443688977,48.76342923901227
,0.011833491747687507,0.006061240979726464,3.664147523969506
7.916920605960762,0.06807389701602516,0.02390228197373003,44.68568030803457
,0.18082423626411104,0.10585355050043069,38.78640473027379
3.0236362256366447,0.013956649799313891,0.007638721341959092,3.191006769414543
,0.16188445744270677,0.021945574699487276,20.92037885006193
1.661029337021364,0.018238563739658015,0.005204100391256853,1.7853760078679575
,0.14678967073119856,0.017306616630325615,6.285770795994928
4.917842044206306,0.04922497265395588,0.015180553640906234,9.262219570065959
5.2231425952843225,0.0331234511484222,0.10612086387550881,49.81541309414451
1.9959154572356517,0.013598933991596417,0.004420645494554934,2.0686455938365875
,0.14509014398872377,0.028693115258880394,11.466130908863517
4.512426248941657,0.056806742230463975,0.010936829514878942,4.41925459474357
7.662478405712535,0.09708596435410764,0.016800665860883864,10.40426372140405
3.328494582097481,0.0128378315328772,0.009164190681785095,6.322385660407572
8.481833218629172,0.03857615427417545,0.18805037599485905,368.10871192334116
3.4509930579972643,0.06394734456300806,0.010632092113257625,6.056425497905929
,0.16261813188570412,0.020930355707955137,104.217218206207
2.3963719594870003,0.018849414973410465,0.009436245668370122,3.7430021798883395
14.233059013721903,0.022223711488464682,0.04958827561510729,17.195726552630795
10.90171062918392,0.15833991930976893,0.028529648234697773,26.76658525591867
4.725859942543423,0.014399383323198036,0.011754574107719518,23.861928533086168
4.6535761984278965,0.032687388691372055,0.12477767320621522,97.09387973857389
,0.09165495788528133,0.011367647238721,3.66055530424272
1.852524227912659,0.020080391633119567,0.008160150732015387,2.254111748685946
4.41501116270402,0.023976839379234727,0.010068146950575504,4.6433705953066875
,0.11784751511678905,0.013218787752752809,6.868402853739363
1.125839262056409,0.008740282567983471,0.0032414681825466024,1.1895399981897419
9.10591334268887,0.0691832985067207,0.025618116337807202,34.01827736540607
6.389389077188953,0.03655322435982058,0.11445898414625248,51.007671466526034
,0.05213462983171323,0.019242931368730745,17.41661906299398
12.732470221169912,0.04528473383309093,0.1257730469505712,107.13351924328003
,0.05982459509076941,0.022822803778355775,64.60083247109827
,0.15451698491016022,0.02933584889515274,14.084941497167895
8.481614905823603,0.03178018204336039,0.1391022437356059,134.04911273325385
6.723021898344589,0.039084946272864005,0.16108332700149233,175.99603441521126
8.122064269985332,0.02537850254307637,0.019824247033018026,14.635911308678354
5.153596522976016,0.03335763081862289,0.05438969632463467,24.678096097124406
,0.14601107719713927,0.15429211097862278,57.07010929395322
6.806069494486992,0.0362760225914211,0.1593778621739724,3561.540791451704
2.7296145056821732,0.013821558792544833,0.006445684633261941,2.974389098779865
,0.1478719847897967,0.07536961898390732,141.5128654110817
,0.012068515766111176,0.010069199345285076,9.294554272204268
,0.008652718783359133,0.010054730509254367,8.109698201188413
4.292304253162778,0.03204588880280496,0.024828595527910596,11.639245248197984
10.631842371667577,0.0344385854366165,0.1212970048613132,140.50720180275675
,0.043730824847861983,0.017227935457257662,14.832500131293887
9.238412764179827,0.04296309843854082,0.1893974671547994,118.96251620534008
,0.11278563343392203,0.018803756469065812,18.36422006925165
,0.16274743235438435,0.02959041125653774,15.742796568986254
8.210552375675226,0.030469015990679152,0.13123915683230286,361.3316661841664
7.261219937099968,0.15420497665744176,0.016319006210889386,6.500613460961757
12.662154575832714,0.026553752959905988,0.05674538051486416,19.65946813728063
9.880870590494226,0.10749632411620175,0.029505283135544368,38.281735633293025
6.274636312676892,0.037280422851975074,0.11859667585104486,68.35177913412964
2.6581105837017818,0.03904566452411691,0.007335225054988476,2.821316061661348
,0.13277327502357278,0.025172744926516298,7.746807305685775
7.342708293927079,0.03918481350458037,0.03396194300161085,13.380426625356419
8.725223064715903,0.044250944031956174,0.16616681144796147,276.76950534470524
7.619319156978148,0.14553438069756502,0.020429703692978522,9.225214536655672
6.733944936741945,0.03331423000811104,0.14890171428067905,395.0044525566409
,0.16175975649367558,0.08050089874042365,38.39588535705803
5.633877603367378,0.022746357742170997,0.013386592482764493,6.775662485452801
,0.10915275687711759,0.01800481237369435,24.763459422936897
9.106278529339717,0.03973506023377696,0.15990038621179903,141.63997430628982
3.213549109343658,0.050284675417814076,0.009822122790524891,4.987072067379611
,0.10816732452933975,0.016256999627264828,8.358129361675564
2.8447881869065217,0.00603876600498127,0.004689794544237949,3.0490842120483737
9.351933269119806,0.14312753686603308,0.02300814943701921,7.8942118745317575
9.757611049782817,0.123767936732724,0.02753155326514689,14.260981340373814
,0.15193925361220856,0.016003328044332514,10.673417230064778
2.5092599289527735,0.018870821780135067,0.008807122637700452,2.6924675215694274
,0.1665107367363021,0.029268945164759162,11.722909008191904
3.1190755333473623,0.025082819870507794,0.013605659885444498,3.9666927028919736
9.893095385712385,0.043216286166320145,0.1391167389071314,79.85714763307169
,0.029585319433973318,0.020293069518623513,18.889695575471734
3.511439847336561,0.02926225771870432,0.01851822414809775,5.415348141459369
,0.14179964682514012,0.028383604441283333,14.363861871967137
,0.09538162861896737,0.015749699906237806,26.676731661107397
16.464951304768846,0.023009471204350873,0.06251809112060626,37.35529831992158
5.9885455686891325,0.0353831525895573,0.03350862763937108,14.781799967198229
10.089472246953296,0.1585275118349618,0.04342601982472723,78.14103189101586
3.0700832833215146,0.020770338033637023,0.006630153734192059,3.2506142746145588
4.34016383363418,0.018493724222512577,0.011826575415645774,7.824865099608174
,0.026388290529057286,0.008700720538209812,8.32283290851497
4.712473141385621,0.011327010275234603,0.007558931796341003,5.381875375949229
6.547552899595284,0.016778143760291162,0.015259953366395448,24.87368160959159
2.9347037693855347,0.028498917807266495,0.021134988892379213,6.189663960799545
6.475184723759328,0.039942243390029664,0.05823746960017619,31.02588860868636
8.241357230909333,0.014424580933277236,0.008745662486358264,7.8122240827984735
5.210085768736716,0.10693060755403029,0.014453777248995452,5.022533658889475
2.006680918810907,0.013454296538970375,0.006724970572725565,2.5623021937001136
3.516746665668328,0.073091803082492,0.010862453484439111,5.165917586487909
8.488924431184486,0.034967233545509346,0.12956043844788626,67.17495941931057
14.987357622457438,0.04691429776160297,0.10330587328284367,66.14402544357579
,0.1598008804588222,0.026089963011584796,16.717587526697155
5.19772601444819,0.03458276542649763,0.12023344821904869,94.5603784946446
,0.11939664417739115,0.01147133006982709,3.55289267692575
,0.048302560181456636,0.020876436977278125,30.036159186122735
,0.035594762299740595,0.0071500513997834175,4.090654076468536
5.538193155269091,0.020371309913610122,0.014970118644789494,35.31723795225449
,0.12078423893006758,0.029532337661809963,195.53901701587785
3.344303489626761,0.018992202505741258,0.00795825902818171,3.527614753961811
7.04241812487166,0.040469186848753905,0.12404852748139715,64.32393657025142
,0.11893120141392116,0.025782335892351356,76.40307334461616
3.600746711858003,0.08987481655368465,0.010568777102906164,3.0143053297494022
,0.04373122251381109,0.01877163599786279,114.11217514283676
,0.16872627241655413,0.03026989106652686,26.862255935725845
2.5828825117189633,0.017489178108650007,0.008886550894586433,3.2283093367518165
8.734756876581393,0.037045012103724954,0.02902542047559458,12.402664054637981
7.394753786704569,0.04012686335909963,0.15174091298307718,113.58539419405683
0.7418333935433136,0.003843876167795875,0.0020159959684447606,0.7987993475329404
5.5868703564286415,0.015194583928880845,0.012279641240977461,6.676766549809533
3.1983098571535598,0.043103985207592344,0.008309271392307506,3.1046458303416666
4.611284804055148,0.029916655950815593,0.019745012880963045,6.119229512355707
,0.16540674386312376,0.028294714382765276,17.137141352458833
2.9860709023097503,0.026378654090756824,0.008393839968936187,4.790194091879294
3.3262536994271055,0.08681599352540187,0.009285037808716111,3.1957105607033123
3.014097832630062,0.051334580332279785,0.009351099430707995,4.692482009168377
9.956525597425411,0.14794367380787155,0.026280495262829225,9.745599418498585
3.0595681404932713,0.029056439336969456,0.009393324002849597,3.3898493050165865
5.073462322427864,0.13314368760418913,0.014621908102996307,10.943898146357451
,0.15968920201009765,0.027022010523923792,10.971014521673553
4.2897759815889716,0.03424879700430393,0.013079310703518279,5.412204765284138
,0.16803898509423648,0.03156371409974759,29.736961181770987
5.110569072943204,0.03528279843132977,0.1147365191091273,73.30562144114448
5.654477961625868,0.12469195388174024,0.0157025316297881,5.60576647029225
,0.01768343910465594,0.02068298338479519,75.1105944091096
5.361542185093974,0.030170618597250023,0.020681367169672792,6.707559277787871
9.084284420075651,0.05430384197549395,0.019567043464165677,23.799923785623214
12.353587541247284,0.04371564383041618,0.0981753162839283,36.69588011498209
5.3322189071251,0.028258895259791833,0.013821270600624797,7.795420345228765
,0.15832427841945212,0.024445784800778164,31.056374361418367
,0.03103757892902889,0.02504627808725006,28.754109549696622
,0.1652496118445701,0.03426924527856113,23.676735107695574
12.147463685055094,0.047251908253706704,0.21475391382754125,120.06582628050239
,0.04375739397148001,0.015145455587239665,23.985628611509817
7.4258170865143125,0.036034995723639114,0.1708345094702266,118.23929389489567
2.4589199521416645,0.007934091041141296,0.00359466379308288,2.5474142568300935
11.35022773497402,0.025024088953131678,0.05953110463694619,240.30775646536844
7.842877424688637,0.02512331403870946,0.014488079616207086,8.499303142980466
2.4842431518235304,0.013897892913778593,0.006627353637015673,5.930281095161293
1.705778034884674,0.018643779751911685,0.007990055584407227,2.158163190861958
,0.15067610909980161,0.05339535563510633,19.941630813255184
,0.16879665250423773,0.0538167099360739,47.632679359040026
9.032963193745028,0.03949481964226332,0.16489262196943782,471.6695005801744
2.8897787955287755,0.027502144215462633,0.01607132178454415,4.318389510359653
,0.14134780559680826,0.01353850472078488,4.237867528511106
12.675709668497774,0.030812544556472456,0.06234259773696887,52.69294347734426
5.049327732425989,0.13462285134336274,0.013111027208808818,4.481648888909235
7.692731405576998,0.03299490217655691,0.14615453895769373,295.7395346295475
,0.040787843443624586,0.01624238123301456,15.589514352435705
2.7438264217282744,0.026554664729378008,0.018480613552409,5.1832953014168055
5.4848691166819545,0.03160990791194373,0.13081852590194332,61.38875199318691
5.2534870156482745,0.12197866998296529,0.014027208043789503,5.934304893792612
2.4342968979971884,0.016154265229326746,0.006919155572382178,2.5876559872127007
7.896367045667988,0.03540881189264637,0.16649551621497963,97.32336417652684
6.715158210206306,0.03647861052822206,0.15695835894826,1197.6525632626237
,0.14799733098390638,0.019717091217695257,15.38671056507193
6.369157204936904,0.03860870207154517,0.14699929545827858,131.94702572486264
3.9308360632599078,0.008827716143041241,0.007878888648653099,5.098199920380005
1.5087685639245485,0.0094670718515058,0.0045131464037609145,1.5622826437588635
8.114090609775047,0.03991265533680209,0.03216547205069342,20.376793955328925
12.276833357421813,0.05097625606353301,0.2535762932600655,306.44445551498256
,0.02459722452559694,0.01775727199204174,16.92599130335311
7.5660863771635505,0.037443566944611734,0.14194581720114757,213.88562426897906
3.0188777646348846,0.016521197962079945,0.006862549425918237,3.2042753420936796
8.481048594136704,0.02822397116378157,0.02563115453981006,39.98968525368479
5.417134299627208,0.03205069973479703,0.04638980673948612,18.126541282415783
,0.021084086569528385,0.00846379849553543,6.1406817081376515
4.82061614731843,0.012046710012098581,0.012527652551051479,16.059575838431208
2.6279452134576275,0.018716146415476524,0.010022186527859325,3.3278438870116878
,0.026848393762392272,0.0070850747946258254,4.604706426443792
8.532002631519472,0.043873202352225874,0.05158791793033178,49.05726832162468
7.8389771238327794,0.03341231664400038,0.16137461066334707,104.98930897947764
11.234764337008773,0.04744638572829358,0.26022163167075674,254.16896291886803
,0.16044721824599822,0.02870027103235031,16.603762563874916
6.3458179845283,0.03521658815436105,0.031772848592884095,32.381520010315235
5.230491414855796,0.1051147920000348,0.01301848307713756,4.93463031429193
2.1328336892689683,0.021325505714056593,0.009754020894539698,2.71551375083662
7.648026107830779,0.038443282346564175,0.1787387119918354,86.65974862507856
20.312777150163203,0.039012324013966426,0.07642601005934707,203.57371242109187
,0.019318608789917854,0.01629635877054434,29.98848944762286
,0.019136943574744304,0.010450544183359436,13.676311328984065
4.425225080423201,0.03331980429113417,0.027719787890034,8.2063382545832
8.535053710226677,0.03942084535659156,0.14222560773045256,72.14165749542806
3.86553144366964,0.012617043608087464,0.00815434027900079,4.343154391690898
4.799498537223988,0.03563392888620204,0.11642305821200336,855.4448071447844
4.857524537279598,0.048209092599650116,0.013925884911460424,45.56458405201455
13.65938919856514,0.06233120537037867,0.2492465814481116,315.6901972320529
,0.1703984099611962,0.031480668310418555,13.66147046892225
6.272754754668116,0.03917339967123076,0.05420962205214706,21.839631222037852
6.809028975765977,0.09681259627053751,0.015124715861787154,6.88746644106246
7.383239791282951,0.15022103077717708,0.017775985226026827,6.739728492125762
8.806632002503052,0.03258463560664124,0.11384934464852618,134.33533988439416
2.0156457988437615,0.033683074173541876,0.005486420088148142,1.968727749622904
3.743133806587736,0.01733180790029875,0.011086969376752534,4.903798201911874
,0.14013063970636194,0.025399970065369266,8.261943900977448
,0.13261005553132846,0.011437048313212224,4.500658966070178
,0.03049716136249505,0.018508498871634388,9.416499065536696
,0.15248592976702258,0.060890718006024344,120.15617963984789
6.784187484518814,0.026347350368860118,0.015686739862483656,6.9059969534997885
5.000872186809882,0.024979062734145886,0.012510434848595302,5.311099672559035
6.56597582693594,0.0369223270807561,0.15593627393720372,126.88104955900815
6.88466376387499,0.01380377553159028,0.011488842048419911,7.015993751520421
7.385161937105359,0.03749958509288373,0.030815009554919417,13.242299614664459
2.767804067560119,0.05068553066402835,0.008634020006462417,5.51917180849625
10.565224608061829,0.028906309013588972,0.07052075755387442,37.521437540842314
6.2118577728034525,0.03467863447396999,0.15242093245307736,597.762080295307
7.101442595943955,0.03197315787909186,0.026307746928694815,66.50120780742529
,0.14676512521712926,0.04240162025763188,30.576139147946613
5.5066877976634006,0.035601805563316935,0.11348048979218872,844.7835701064853
5.947603990611006,0.031064793851929506,0.02303386001786291,34.491531917829036
,0.11282772617960851,0.020277519539652344,32.48882530520403
,0.0882819887321899,0.01078620716502942,3.0821315464834664
,0.1515389483653535,0.02196398336727158,20.081415641527894
,0.14042078989608875,0.011485976602545703,4.025306904888036
12.202482631499555,0.035430413853318535,0.06921483074012796,33.39762454636702
7.011522533403587,0.1459404688116881,0.01783827142691885,9.134508037325
6.203480604804424,0.04893726741552988,0.017977926747806093,14.786670655169583
5.93952157574114,0.020778274554641173,0.012665296104768114,7.2107153045664765
,0.10376889782151388,0.010222938236141404,3.119392564875674
4.265894849203214,0.03320786270370005,0.11772593657964137,115.98267551925723
6.42690364234612,0.03429273662249093,0.028940645734071797,14.081061058741438
8.45332655801088,0.14676963203142362,0.02284210018766375,10.821004579853023
,0.026603291080042293,0.006726657567923795,4.3153374190433045
3.4371326660344415,0.021119830542520788,0.011288750456266206,4.033149087020538
,0.11600685668343345,0.011067196802227505,4.635994982371172
,0.02966540311053245,0.018679900680516462,7.6798736712406255
2.9917083504311934,0.02822073719227782,0.017877727915344636,4.921401219234581
5.780400291180865,0.02631957311513226,0.01518689516234352,6.087409108301094
,0.14357948675460075,0.02033592120910747,22.276062326356815
5.677546558642059,0.053787965405144696,0.01633609400021755,7.679144084160881
4.319124117842308,0.03305123828356202,0.07647683321343424,43.80675093476762
3.029341556303534,0.007971964789327489,0.007631809668117998,5.549419369814276
2.8922258039221482,0.013826469468607633,0.008836220459296901,8.925155176930355
2.6442373161782653,0.00899561405066603,0.004021532058217323,2.7400147192928146
7.121365438965691,0.032150088210519276,0.026522825583626328,38.06299452769052
7.745815916437195,0.03753974491460114,0.02090725957910789,13.935804819893683
,0.037955915180275655,0.012658402305801893,7.184701043537989
,0.17253691121550407,0.03897272978273776,57.54001809100741
3.307534514738722,0.05412807671446176,0.010164420600801348,6.633278846090972
3.5157756357060976,0.06458179849373705,0.010827525948439082,6.27556402901224
5.79078411407,0.03706001658326928,0.1180330353016368,86.20167817248006
3.3975860371490945,0.017968698332493108,0.00991100420670285,3.9311956898845315
2.474533020299386,0.025113820882906424,0.00606046370093535,2.6302803017352256
5.878862787202981,0.01026925420028417,0.006675709071818846,5.826318831952374
7.151084743503239,0.035196018811433125,0.012775458784313737,7.095599279512881
9.283758326387312,0.14549871481601484,0.025855964889081373,7.8377973614755865
,0.12357032968108714,0.0273021594434608,16.362880381477517
,0.017275963959006015,0.013275646660160843,33.1662040902298
13.976992945727105,0.03159648089036689,0.06612447008266803,37.50126993322474
,0.03960818635219657,0.021555208628147686,67.13720628162012
10.88223621402334,0.08720329495852067,0.03964851695117579,35.294401351399145
,0.014315362877515394,0.012614864436853697,26.18939327855506
,0.02445696869707361,0.013856777268423529,21.08717395617536
9.696839208843388,0.13766024512731906,0.037669163510225596,42.70260918217029
0.8003619063666679,0.008960853673538254,0.0029671400249078527,0.8367553285750929
6.465986082067155,0.03823803762462442,0.04688952754339039,22.383732164170617
9.002371537588644,0.14926494793588818,0.01963051749689106,7.850139601135897
10.680714687408752,0.16036665627963628,0.02835103604232528,13.127797679668783
9.234559379883862,0.036838563625455054,0.17605710809968905,245.51464419482625
4.7312682532221935,0.03107404579699964,0.021608694848441558,6.581540760272307
5.969629426415731,0.03626554011895328,0.14578639872192864,203.57649050274046
8.825864287927642,0.09230019295036777,0.026142144609309685,32.0064586278732
5.128380187877511,0.10083285817184967,0.015151138210956873,6.77375795924486
0.48687926993317443,0.006434502817949271,0.0019691634988852056,0.5120606287088305
,0.011034214468603845,0.012913960851341826,25.929084801758233
7.622639090595703,0.03865007227155168,0.17640025631488032,87.5240111466844
13.367571193002624,0.052955366048891186,0.21373555906834651,177.94688300754945
8.759963701255888,0.04016853712671689,0.14083931358349835,119.66171916174714
,0.055684559817368126,0.013409158636626832,11.064204020057755
2.6969979056854307,0.020187385762450716,0.009618710408486686,2.924816265751603
7.087010291314209,0.040764389666761706,0.03952221477340516,17.109498696623206
,0.02833262144571765,0.0223231901519614,46.431451816154684
3.046287351528864,0.02819897584282692,0.008970803276255625,3.2124317228070796
2.3562911986775856,0.013695104791631166,0.005850352727791569,2.5165707894355727
,0.16969153334881254,0.0366751274917735,201.71007935807515
11.627235745642459,0.15493639040965962,0.03025853945097199,15.455511034296128
3.3909147063466776,0.029762215328975047,0.027836176850127924,8.150357645481423
2.647608338214706,0.010619566587969045,0.0052064777011939425,2.9771586471376166
,0.14820682352326991,0.021696829919890637,11.765042168576617
7.959749558356993,0.034889255403125784,0.1736322149323577,135.31811049706297
,0.16124604373991525,0.03108406021880801,48.59604076735981
7.963754881521852,0.03903482616130469,0.16766292890915338,964.1152802675465
4.4424499287411505,0.10347497381207124,0.01293089340445714,6.902710104714903
,0.03530465954258091,0.026800593690057866,13.538580233330661
4.922890024906155,0.10958172157637874,0.014327439241610333,4.672865573858305
12.082178277480798,0.13955844788834373,0.030417498370010232,15.649106828205216
5.718028911521457,0.03575099451026894,0.11433196349656077,68.10700203365704
5.912671430926477,0.03615588391989989,0.12716462958756639,158.48897976476604
,0.06860373668040042,0.012473458103460927,8.232753217967495
3.4622188469350905,0.021325186016375612,0.01074432470536374,3.856692840730081
2.8378068080546646,0.00518608972318773,0.0032645876776152463,3.2305821979110374
5.871955465454011,0.14650914847031982,0.016028989252214198,13.910686894898754
6.936175531327617,0.039092390210020055,0.12164962841750132,57.55412607998767
5.678528524673804,0.04834122266124409,0.01688750008803759,12.848881112022765
,0.020819647215352587,0.012357452767743042,7.6071535165274335
,0.16716903442335704,0.030496310536036738,15.409330040836014
,0.16292277452371942,0.027789678792978195,10.111317408130123
2.1801337766746043,0.021881865384207812,0.01069055521608479,3.0013014895765155
,0.16570441810666225,0.06297818882146673,321.32927273739017
5.216686875227365,0.02700667302595046,0.014785049423324023,6.337015660123964
,0.16921627326755145,0.057997892551637814,98.58413446808581
3.1085240514265724,0.07483178249367578,0.009028711834455546,2.9843035260880466
5.870941216216267,0.03509613397045128,0.030848358772254406,34.531334015652476
6.230753934491049,0.0384378839479612,0.13674853128700826,1334.9741653062804
,0.1776572321747062,0.07351847789710535,75.48737016776347
,0.1685485156852321,0.040168115659469136,33.1533870165222
10.584355504496086,0.042622523378831004,0.1893834470274445,82.30533391752165
,0.14466690236778063,0.013712757288220589,8.74614584118773
,0.09975158768929031,0.02397009782867824,30.23052723335207
5.375713297145102,0.0321944305933756,0.014966270696511089,12.233471943860998
